{
  "bsonType": "object",
  "required": ["_id", "uid", "task_id", "timestamp", "bonus_instances","remarks", "score"],
  "additionalProperties": false,
  "properties": {
    "_id": {
      "bsonType": "objectId"
    },
    "uid": {
      "bsonType": "objectId"
    },
    "task_id":{
      "bsonType": "objectId"
    },
    "timestamp": {
      "bsonType": "date"
    },
    "remarks": {
      "bsonType": "string"
    },
    "score": {
      "bsonType": "int"
    },
    "bonus_instances": {
      "bsonType": "array",
      "items": {
        "bsonType": "object",
        "required": ["bonus_id", "input_quantity","score_addition"],
        "additionalProperties": false,
        "properties": {
          "bonus_id": {
            "bsonType": "objectId"
          },
          "input_quantity": {
            "bsonType": "double"
          },
          "score_addition": {
            "bsonType": "int"
          }
        }
      }
    }
  }
}